{
  "project_info": {
    "project_number": "3817524003",
    "firebase_url": "https://xsplitter-beta.firebaseio.com",
    "project_id": "xsplitter-beta",
    "storage_bucket": "xsplitter-beta.appspot.com"
  },
  "client": [
    {
      "client_info": {
        "mobilesdk_app_id": "1:3817524003:android:6d90638cdd04bea9",
        "android_client_info": {
          "package_name": "com.example.x_splitter"
        }
      },
      "oauth_client": [
        {
          "client_id": "3817524003-hhebjjpa1vcrj5sfvsun5cbt01bjvu35.apps.googleusercontent.com",
          "client_type": 1,
          "android_info": {
            "package_name": "com.example.x_splitter",
            "certificate_hash": "a616bb7293c819cfaf2d8d604e7ac15e716b036b"
          }
        },
        {
          "client_id": "3817524003-a91f4sq0q7ni094gkkffoa7ark0gv5je.apps.googleusercontent.com",
          "client_type": 1,
          "android_info": {
            "package_name": "com.example.x_splitter",
            "certificate_hash": "e925bd1fdea2f5d831adf7fef852aed509364acb"
          }
        },
        {
          "client_id": "3817524003-96upmko23he3lqqo8g58d31sluc1mct0.apps.googleusercontent.com",
          "client_type": 3
        }
      ],
      "api_key": [
        {
          "current_key": "AIzaSyA4IgsELzCphyPDuQGWApkraqp5k4g6-OE"
        }
      ],
      "services": {
        "appinvite_service": {
          "other_platform_oauth_client": [
            {
              "client_id": "3817524003-96upmko23he3lqqo8g58d31sluc1mct0.apps.googleusercontent.com",
              "client_type": 3
            }
          ]
        }
      }
    }
  ],
  "configuration_version": "1"
}